{
  "exam_type": {
    "precision": 0.9910313901345291,
    "recall": 1.0,
    "f1-score": 0.9954954954954954,
    "support": 221,
    "confused_with": {}
  },
  "micro avg": {
    "precision": 0.9910313901345291,
    "recall": 1.0,
    "f1-score": 0.9954954954954954,
    "support": 221
  },
  "macro avg": {
    "precision": 0.9910313901345291,
    "recall": 1.0,
    "f1-score": 0.9954954954954954,
    "support": 221
  },
  "weighted avg": {
    "precision": 0.9910313901345291,
    "recall": 1.0,
    "f1-score": 0.9954954954954954,
    "support": 221
  },
  "accuracy": 0.9990089197224975
}