{
  "exam_type": {
    "precision": 1.0,
    "recall": 0.9909502262443439,
    "f1-score": 0.9954545454545455,
    "support": 221,
    "confused_with": {}
  },
  "micro avg": {
    "precision": 1.0,
    "recall": 0.9909502262443439,
    "f1-score": 0.9954545454545455,
    "support": 221
  },
  "macro avg": {
    "precision": 1.0,
    "recall": 0.9909502262443439,
    "f1-score": 0.9954545454545455,
    "support": 221
  },
  "weighted avg": {
    "precision": 1.0,
    "recall": 0.9909502262443439,
    "f1-score": 0.9954545454545455,
    "support": 221
  },
  "accuracy": 0.9990089197224975
}